code,name,hard_bad_news,event_risk,event_boost,event_unknown,note,expire_date,source,url
688041,海光信息,0,8,0,0,近期业绩公告：海光信息:海光信息技术股份有限公司关于2026年半年度业绩预告的自愿性披露公告,2026-07-31,东方财富公告自动扫描,https://data.eastmoney.com/notices/detail/688041/AN202607161827030633.html
300502,新易盛,0,8,0,0,近期业绩公告：新易盛:2026年半年度业绩预告,2026-07-31,东方财富公告自动扫描,https://data.eastmoney.com/notices/detail/300502/AN202607201827158007.html
300394,天孚通信,0,48,0,0,业绩窗口显著下跌，存在预期差：天孚通信:2026年半年度业绩预告,2026-07-31,东方财富公告自动扫描,https://data.eastmoney.com/notices/detail/300394/AN202607181827094043.html
002916,深南电路,0,8,0,0,近期业绩公告：深南电路:2026年半年度业绩预告,2026-07-31,东方财富公告自动扫描,https://data.eastmoney.com/notices/detail/002916/AN202607161827030622.html
600536,中国软件,1,100,0,0,业绩窗口暴跌，市场确认严重预期差：中国软件:中国软件2026年半年度业绩预告；当日跌停或接近跌停,2026-07-31,东方财富公告自动扫描,https://data.eastmoney.com/notices/detail/600536/AN202607131826932208.html
601088,中国神华,0,8,0,0,近期业绩公告：中国神华:中国神华2026年上半年业绩预告,2026-07-31,东方财富公告自动扫描,https://data.eastmoney.com/notices/detail/601088/AN202607231827295421.html
600584,长电科技,0,8,0,0,近期业绩公告：长电科技:江苏长电科技股份有限公司2026年半年度业绩预增公告,2026-07-31,东方财富公告自动扫描,https://data.eastmoney.com/notices/detail/600584/AN202607231827294660.html
688008,澜起科技,0,8,0,0,近期业绩公告：澜起科技:澜起科技2026年半年度业绩预增的自愿性公告,2026-07-31,东方财富公告自动扫描,https://data.eastmoney.com/notices/detail/688008/AN202607231827295150.html
002428,云南锗业,0,8,0,0,近期业绩公告：云南锗业:2026年半年度业绩预告,2026-07-31,东方财富公告自动扫描,https://data.eastmoney.com/notices/detail/002428/AN202607231827290543.html
603296,华勤技术,0,58,0,0,减持风险：华勤技术:华勤技术股东减持股份结果公告；近期业绩公告：华勤技术:华勤技术2026年半年度业绩预增公告,2026-07-31,东方财富公告自动扫描,https://data.eastmoney.com/notices/detail/603296/AN202607231827293977.html
002281,光迅科技,0,52,0,0,解禁风险：光迅科技:武汉光迅科技股份有限公司关于2022年限制性股票激励计划首次授予的限制性股票第二个解除限售期解除限售条件成就的公告；解禁风险：光迅科技:北京市嘉源律师事务所关于武汉光迅科技股份有限公司2022年限制性股票激励计划首次授予的限制性股票第二个解除限售期解除限售条件成就相关事项的法律意见书；近期业绩公告：光迅科技:武汉光迅科技股份有限公司2026年半年度业绩预告,2026-07-31,东方财富公告自动扫描,https://data.eastmoney.com/notices/detail/002281/AN202607221827257257.html
300666,江丰电子,0,8,0,0,近期业绩公告：江丰电子:2026年半年度业绩预告,2026-07-31,东方财富公告自动扫描,https://data.eastmoney.com/notices/detail/300666/AN202607151826994852.html
002384,东山精密,0,48,0,0,业绩窗口显著下跌，存在预期差：东山精密:2026年半年度业绩预告,2026-07-31,东方财富公告自动扫描,https://data.eastmoney.com/notices/detail/002384/AN202607211827211727.html
002185,华天科技,0,8,0,0,近期业绩公告：华天科技:2026年半年度业绩预告,2026-07-31,东方财富公告自动扫描,https://data.eastmoney.com/notices/detail/002185/AN202607131826929775.html
600667,太极实业,0,32,0,0,风险公告：太极实业:关于累计诉讼、仲裁事项的公告,2026-07-31,东方财富公告自动扫描,https://data.eastmoney.com/notices/detail/600667/AN202607171827061062.html
600176,中国巨石,0,8,0,0,近期业绩公告：中国巨石:中国巨石2026年半年度业绩预增公告,2026-07-31,东方财富公告自动扫描,https://data.eastmoney.com/notices/detail/600176/AN202607201827151208.html
301536,星宸科技,0,8,0,0,近期业绩公告：星宸科技:2026年半年度业绩预告,2026-07-31,东方财富公告自动扫描,https://data.eastmoney.com/notices/detail/301536/AN202607221827260641.html
688498,源杰科技,0,8,0,0,近期业绩公告：源杰科技:陕西源杰半导体科技股份有限公司2026年半年度业绩预告的自愿性披露公告,2026-07-31,东方财富公告自动扫描,https://data.eastmoney.com/notices/detail/688498/AN202607231827288573.html
002463,沪电股份,0,8,0,0,近期业绩公告：沪电股份:2026年半年度业绩预告,2026-07-31,东方财富公告自动扫描,https://data.eastmoney.com/notices/detail/002463/AN202607221827260319.html
688525,佰维存储,0,48,0,0,业绩窗口显著下跌，存在预期差：佰维存储:2026年半年度业绩预告的自愿性披露公告,2026-07-31,东方财富公告自动扫描,https://data.eastmoney.com/notices/detail/688525/AN202607221827263438.html
600487,亨通光电,0,48,0,0,业绩窗口显著下跌，存在预期差：亨通光电:亨通光电2026年半年度业绩预增公告,2026-07-31,东方财富公告自动扫描,https://data.eastmoney.com/notices/detail/600487/AN202607221827257851.html
300759,康龙化成,0,8,0,0,近期业绩公告：康龙化成:2026年半年度业绩预告,2026-07-31,东方财富公告自动扫描,https://data.eastmoney.com/notices/detail/300759/AN202607221827261711.html
300857,协创数据,0,48,0,0,业绩窗口显著下跌，存在预期差：协创数据:2026年半年度业绩预告,2026-07-31,东方财富公告自动扫描,https://data.eastmoney.com/notices/detail/300857/AN202607231827288451.html
002436,兴森科技,0,8,0,0,近期业绩公告：兴森科技:2026年半年度业绩预告,2026-07-31,东方财富公告自动扫描,https://data.eastmoney.com/notices/detail/002436/AN202607201827156285.html
300408,三环集团,0,48,0,0,业绩窗口显著下跌，存在预期差：三环集团:2026年半年度业绩预告,2026-07-31,东方财富公告自动扫描,https://data.eastmoney.com/notices/detail/300408/AN202607231827294384.html
600522,中天科技,0,48,0,0,业绩窗口显著下跌，存在预期差：中天科技:江苏中天科技股份有限公司2026年半年度业绩预增公告,2026-07-31,东方财富公告自动扫描,https://data.eastmoney.com/notices/detail/600522/AN202607171827056706.html
688766,普冉股份,0,48,0,0,业绩窗口显著下跌，存在预期差：普冉股份:普冉半导体(上海)股份有限公司2026年半年度业绩预告的自愿性披露公告,2026-07-31,东方财富公告自动扫描,https://data.eastmoney.com/notices/detail/688766/AN202607231827295004.html
600183,生益科技,1,78,0,0,解禁风险：生益科技:生益科技关于2024年度限制性股票激励计划第二个解除限售期解除限售暨上市的公告；解禁风险：生益科技:北京市康达(广州)律师事务所关于生益科技2024年度限制性股票激励计划第二个解除限售期解除限售条件成就的法律意见书；业绩窗口大跌，疑似明显不及预期：生益科技:生益科技2026年半年度业绩预增公告,2026-07-31,东方财富公告自动扫描,https://data.eastmoney.com/notices/detail/600183/AN202607161827028316.html
600744,华银电力,0,32,0,0,风险公告：华银电力:大唐华银电力股份有限公司股票交易风险提示公告,2026-07-31,东方财富公告自动扫描,https://data.eastmoney.com/notices/detail/600744/AN202607211827215784.html
603083,剑桥科技,0,8,0,0,近期业绩公告：剑桥科技:2026年半年度业绩预增公告,2026-07-31,东方财富公告自动扫描,https://data.eastmoney.com/notices/detail/603083/AN202607141826957702.html
300223,北京君正,0,48,0,0,业绩窗口显著下跌，存在预期差：北京君正:2026年半年度业绩预告,2026-07-31,东方财富公告自动扫描,https://data.eastmoney.com/notices/detail/300223/AN202607151826995425.html
600641,先导基电,0,32,0,0,近期业绩公告：先导基电:上海先导基电科技股份有限公司2026年半年度业绩预告；风险公告：先导基电:上海先导基电科技股份有限公司关于上海证券交易所《关于对上海先导基电科技股份有限公司有关股价波动及收购资产事项的问询函》的回复公告,2026-07-31,东方财富公告自动扫描,https://data.eastmoney.com/notices/detail/600641/AN202607201827147707.html
002008,大族激光,0,48,0,0,业绩窗口显著下跌，存在预期差：大族激光:2026年半年度业绩快报,2026-07-31,东方财富公告自动扫描,https://data.eastmoney.com/notices/detail/002008/AN202607201827154715.html
600909,华安证券,0,8,0,0,近期业绩公告：华安证券:华安证券股份有限公司2026年半年度业绩预增公告,2026-07-31,东方财富公告自动扫描,https://data.eastmoney.com/notices/detail/600909/AN202607231827292898.html
301526,国际复材,0,48,0,0,业绩窗口显著下跌，存在预期差：国际复材:2026年半年度业绩预告,2026-07-31,东方财富公告自动扫描,https://data.eastmoney.com/notices/detail/301526/AN202607211827212094.html
600989,宝丰能源,0,8,0,0,近期业绩公告：宝丰能源:宁夏宝丰能源集团股份有限公司2026年半年度业绩预增公告,2026-07-31,东方财富公告自动扫描,https://data.eastmoney.com/notices/detail/600989/AN202607161827023207.html
301217,铜冠铜箔,0,8,0,0,近期业绩公告：铜冠铜箔:2026年半年度业绩预告,2026-07-31,东方财富公告自动扫描,https://data.eastmoney.com/notices/detail/301217/AN202607221827260865.html
601600,中国铝业,0,48,0,0,业绩窗口显著下跌，存在预期差：中国铝业:中国铝业2026年半年度业绩预增公告,2026-07-31,东方财富公告自动扫描,https://data.eastmoney.com/notices/detail/601600/AN202607201827124917.html
600460,士兰微,0,8,0,0,近期业绩公告：士兰微:杭州士兰微电子股份有限公司2026年半年度业绩预告,2026-07-31,东方财富公告自动扫描,https://data.eastmoney.com/notices/detail/600460/AN202607141826956498.html
300567,精测电子,0,32,0,0,风险公告：精测电子:武汉精测电子集团股份有限公司关于披露本次交易相关预案的一般风险提示暨公司股票复牌的公告,2026-07-31,东方财富公告自动扫描,https://data.eastmoney.com/notices/detail/300567/AN202607231827292157.html
300033,同花顺,0,48,0,0,业绩窗口显著下跌，存在预期差：同花顺:2026年半年度业绩预告,2026-07-31,东方财富公告自动扫描,https://data.eastmoney.com/notices/detail/300033/AN202607201827135152.html
002460,赣锋锂业,0,48,0,0,业绩窗口显著下跌，存在预期差：赣锋锂业:2026年半年度业绩预告,2026-07-31,东方财富公告自动扫描,https://data.eastmoney.com/notices/detail/002460/AN202607231827289011.html
